barcode	CID	valid
AAACATCGAAACATCGCCTCTATC	1	False
AAACATCGACACGACCAATGTTGC	2	False
AAACATCGACATTGGCGGAGAACA	3	False
AAACATCGACGTATCAAGAGTCAA	4	False
AAACATCGATGCCTAAAGTCACTA	5	False
AAACATCGCAAGGAGCCATCAAGT	6	False
AAACATCGTCTTCACAGATGAATC	7	False
AACAACCAACGCTCGACGCATACA	8	False
AACAACCAAGAGTCAACGCATACA	9	False
AACAACCAAGATCGCATTCACGCA	10	False
AACAACCACACCTTACACAGATTC	11	False
AACAACCACTAAGGTCCAACCACA	12	False
AACAACCAGACAGTGCAAGACGGA	13	False
AACAACCAGCCAAGACACCTCCAA	14	False
AACAACCAGTGTTCTAAAGGTACA	15	False
AACAACCAGTGTTCTACGAACTTA	16	False
AACAACCATAGGATGAACGTATCA	17	False
AACAACCATCTTCACAACAGCAGA	18	False
AACCGAGAAATGTTGCCGACTGGA	19	False
AACCGAGAACCACTGTAACTCACC	20	False
AACCGAGAAGGCTAACACCTCCAA	21	False
AACCGAGAAGTGGTCACAGCGTTA	22	False
AACCGAGAATCCTGTAAAGGTACA	23	False
AACCGAGACCAGTTCACCGAAGTA	24	False
AACCGAGACGCTGATCCAACCACA	25	False
AACCGAGAGCCACATACGACACAC	26	False
AACCGAGAGCTAACGAAGAGTCAA	27	False
AACCGAGATAGGATGATGGCTTCA	28	False
AACGCTTAACGTATCAAGATGTAC	29	False
AACGCTTAATTGGCTCCCATCCTC	30	False
AACGCTTACCAGTTCACATACCAA	31	False
AACGCTTACCGAAGTAAACAACCA	32	False
AACGCTTACGAACTTAGACTAGTA	33	False
AACGCTTACGCTGATCTGGTGGTA	34	False
AACGCTTAGAATCTGAAACGTGAT	35	False
AACGTGATAAGGTACACATACCAA	36	False
AACGTGATACACGACCCATCAAGT	37	False
AACGTGATAGATCGCAACATTGGC	38	False
AACGTGATAGATCGCACGGATTGC	39	False
AACGTGATCATCAAGTGATGAATC	40	False
AACGTGATCCTAATCCAATGTTGC	41	False
AACGTGATCGCTGATCTTCACGCA	42	False
AACGTGATGCTAACGAACCTCCAA	43	False
AACTCACCAAGGACACGACAGTGC	44	False
AACTCACCACCTCCAAGATAGACA	45	False
AACTCACCAGTACAAGCAGCGTTA	46	False
AACTCACCATTGAGGACTGGCATA	47	False
AACTCACCCAACCACACGACACAC	48	False
AACTCACCCCATCCTCAACCGAGA	49	False
AACTCACCGCCACATAAGAGTCAA	50	False
AACTCACCGCTAACGAACCTCCAA	51	False
AACTCACCGGAGAACAACAGATTC	52	False
AACTCACCGGTGCGAAATAGCGAC	53	False
AACTCACCTATCAGCAAGCAGGAA	54	False
AACTCACCTTCACGCAGCCACATA	55	False
AAGACGGAAACCGAGACAATGGAA	56	False
AAGACGGAAAGAGATCCACTTCGA	57	False
AAGACGGAACACGACCGATGAATC	58	False
AAGACGGAAGGCTAACACAAGCTA	59	False
AAGACGGACAAGGAGCAGGCTAAC	60	False
AAGACGGACAGCGTTAAATGTTGC	61	False
AAGACGGACCAGTTCACTAAGGTC	62	False
AAGACGGACGCATACACCAGTTCA	63	False
AAGACGGAGACTAGTAAGCACCTC	64	False
AAGACGGAGCTCGGTAACGTATCA	65	False
AAGACGGATCCGTCTACCGAAGTA	66	False
AAGACGGATGGCTTCAATCCTGTA	67	False
AAGAGATCAATGTTGCGCTCGGTA	68	False
AAGAGATCACCTCCAAGTGTTCTA	69	False
AAGAGATCACGTATCAACAAGCTA	70	False
AAGAGATCACGTATCAGATGAATC	71	False
AAGAGATCAGAGTCAATGGAACAA	72	False
AAGAGATCCACCTTACCACCTTAC	73	False
AAGAGATCGTGTTCTAGTCTGTCA	74	False
AAGGACACAATCCGTCGCCAAGAC	75	False
AAGGACACACCACTGTCAATGGAA	76	False
AAGGACACATAGCGACACCACTGT	77	False
AAGGACACCATCAAGTAGGCTAAC	78	False
AAGGACACCTGAGCCAGAACAGGC	79	False
AAGGACACGCTCGGTAGAGCTGAA	80	False
AAGGACACTGAAGAGAAAGGTACA	81	False
AAGGTACAAAGGTACAAGCACCTC	82	False
AAGGTACACATACCAAAACGCTTA	83	False
AAGGTACACCAGTTCAGCCAAGAC	84	False
AAGGTACACCTAATCCACCACTGT	85	True
AAGGTACACGAACTTACATACCAA	86	False
AAGGTACACGACTGGACGACACAC	87	False
AAGGTACAGAACAGGCGTCGTAGA	88	False
AAGGTACAGCCACATAATTGGCTC	89	False
AAGGTACAGCTCGGTAAAACATCG	90	False
AAGGTACATTCACGCACCTCCTGA	91	False
AATCCGTCACACGACCATCATTCC	92	False
AATCCGTCACGTATCAACATTGGC	93	False
AATCCGTCAGCCATGCAGAGTCAA	94	False
AATCCGTCCCAGTTCACTAAGGTC	95	False
AATCCGTCGCCACATACCGTGAGA	96	False
AATCCGTCGCTAACGAACAGATTC	97	False
AATCCGTCGTCTGTCACCGAAGTA	98	False
AATCCGTCGTGTTCTAACACAGAA	99	False
AATCCGTCTATCAGCAACGCTCGA	100	False
AATCCGTCTGGCTTCAAACTCACC	101	False
AATGTTGCACGCTCGAGCGAGTAA	102	False
AATGTTGCCAATGGAACAACCACA	103	False
AATGTTGCCATCAAGTGCCAAGAC	104	False
AATGTTGCCGACTGGAATAGCGAC	105	False
AATGTTGCTCTTCACACAAGACTA	106	False
AATGTTGCTGGTGGTAAGCACCTC	107	False
ACAAGCTAAAGGACACCATCAAGT	108	False
ACAAGCTAAATCCGTCATTGAGGA	109	False
ACAAGCTAACACAGAATAGGATGA	110	False
ACAAGCTAACGTATCACAGCGTTA	111	False
ACAAGCTAAGAGTCAAGGTGCGAA	112	False
ACAAGCTAAGCACCTCAAGAGATC	113	False
ACAAGCTAAGTACAAGAGATGTAC	114	False
ACAAGCTAAGTACAAGATAGCGAC	115	False
ACAAGCTAATAGCGACTGGAACAA	116	False
ACAAGCTACATCAAGTAAACATCG	117	False
ACAAGCTACCGAAGTAGTCGTAGA	118	False
ACAAGCTACCTCTATCAGCAGGAA	119	False
ACAAGCTACCTCTATCCACCTTAC	120	False
ACAAGCTACGGATTGCAACTCACC	121	False
ACAAGCTACGGATTGCGGAGAACA	122	False
ACAAGCTAGCTCGGTAAGATCGCA	123	False
ACAAGCTAGGAGAACAATCCTGTA	124	False
ACAAGCTATATCAGCATCCGTCTA	125	False
ACAAGCTATCCGTCTAGTCGTAGA	126	False
ACACAGAAACCACTGTGAACAGGC	127	False
ACACAGAAAGCCATGCCTGTAGCC	128	False
ACACAGAAAGGCTAACAGATCGCA	129	False
ACACAGAAAGTGGTCAAGATGTAC	130	False
ACACAGAAATCCTGTACAAGACTA	131	False
ACACAGAACAGCGTTAGCCAAGAC	132	False
ACACAGAAGCGAGTAAATCATTCC	133	False
ACACGACCACACAGAACCTAATCC	134	False
ACACGACCACACGACCGCTCGGTA	135	False
ACACGACCACGCTCGAAATGTTGC	136	False
ACACGACCATGCCTAAACCTCCAA	137	False
ACACGACCATTGAGGAACGTATCA	138	False
ACACGACCCACTTCGACCGTGAGA	139	False
ACACGACCCATCAAGTAGTACAAG	140	False
ACACGACCCCGAAGTAAACCGAGA	141	False
ACACGACCCCGTGAGACCTCCTGA	142	False
ACACGACCCGAACTTAAAGGTACA	143	False
ACACGACCCTGAGCCACCGTGAGA	144	False
ACACGACCGTGTTCTAGCCAAGAC	145	False
ACACGACCTCCGTCTAGTGTTCTA	146	False
ACAGATTCAACTCACCCCGACAAC	147	False
ACAGATTCACAAGCTACTGTAGCC	148	False
ACAGATTCACATTGGCTGGTGGTA	149	False
ACAGATTCACCACTGTTAGGATGA	150	False
ACAGATTCCAAGACTACGACTGGA	151	False
ACAGATTCCATCAAGTATCCTGTA	152	False
ACAGATTCCGAACTTAGAATCTGA	153	False
ACAGATTCGAATCTGACTGGCATA	154	False
ACAGATTCGATAGACATATCAGCA	155	False
ACAGATTCTCCGTCTACAATGGAA	156	False
ACAGCAGAAAGGTACAGAGCTGAA	157	False
ACAGCAGAACCTCCAAAGAGTCAA	158	False
ACAGCAGAACGTATCATTCACGCA	159	False
ACAGCAGAAGCACCTCATCCTGTA	160	False
ACAGCAGAATTGAGGACAATGGAA	161	False
ACAGCAGACAACCACAAGCACCTC	162	False
ACAGCAGACGCTGATCACAGCAGA	163	False
ACAGCAGACTAAGGTCAATGTTGC	164	False
ACATTGGCAAGAGATCAACGTGAT	165	False
ACATTGGCACAGATTCAATCCGTC	166	False
ACATTGGCACAGCAGAGTGTTCTA	167	False
ACATTGGCAGATCGCAGCCAAGAC	168	False
ACATTGGCATTGGCTCGGTGCGAA	169	False
ACATTGGCCATACCAAGAACAGGC	170	False
ACATTGGCCCGACAACCATACCAA	171	False
ACATTGGCCCGACAACCGGATTGC	172	False
ACATTGGCCGCATACAGTCTGTCA	173	False
ACATTGGCCTCAATGAATTGAGGA	174	False
ACATTGGCGCCAAGACCGCTGATC	175	False
ACCACTGTACAGCAGACAATGGAA	176	False
ACCACTGTAGCAGGAAACCACTGT	177	False
ACCACTGTAGTCACTAAACGTGAT	178	False
ACCACTGTCAACCACACGACTGGA	179	False
ACCACTGTCAAGACTACGACACAC	180	False
ACCACTGTCAAGGAGCAACTCACC	181	False
ACCACTGTCGGATTGCACGCTCGA	182	False
ACCACTGTCTGGCATAAAGACGGA	183	False
ACCACTGTGAGCTGAACAGATCTG	184	False
ACCTCCAAAACAACCAACGCTCGA	185	True
ACCTCCAAAACAACCAAGCACCTC	186	False
ACCTCCAAACGTATCACGCTGATC	187	False
ACCTCCAAATCATTCCAAGGTACA	188	False
ACCTCCAAATTGAGGAACGTATCA	189	False
ACCTCCAACAATGGAACAACCACA	190	False
ACCTCCAACACTTCGACTAAGGTC	191	False
ACCTCCAAGCGAGTAAGACTAGTA	192	False
ACCTCCAAGTGTTCTAGATGAATC	193	False
ACCTCCAATGGCTTCAAACGTGAT	194	False
ACGCTCGAAATGTTGCCTAAGGTC	195	False
ACGCTCGAACAAGCTAGCTAACGA	196	False
ACGCTCGAACACGACCATCCTGTA	197	False
ACGCTCGAACGCTCGAAACGCTTA	198	False
ACGCTCGAACTATGCAACCTCCAA	199	False
ACGCTCGAAGAGTCAAGGTGCGAA	200	False
ACGCTCGAAGATCGCACCATCCTC	201	False
ACGCTCGAAGTCACTAAGATCGCA	202	False
ACGCTCGACCTCCTGATCCGTCTA	203	False
ACGCTCGACGCTGATCAATCCGTC	204	False
ACGCTCGAGACTAGTAAGAGTCAA	205	False
ACGCTCGAGTACGCAAAATCCGTC	206	False
ACGTATCAAAGAGATCTGGCTTCA	207	False
ACGTATCAAAGGTACACGCTGATC	208	False
ACGTATCAACATTGGCAGATCGCA	209	False
ACGTATCAACCACTGTAGCCATGC	210	False
ACGTATCACAATGGAAATCATTCC	211	False
ACGTATCACCGAAGTAACCACTGT	212	False
ACGTATCACCTCTATCACAGCAGA	213	True
ACGTATCACTGAGCCAAACTCACC	214	False
ACGTATCACTGAGCCAATTGGCTC	215	False
ACGTATCAGACTAGTATGGAACAA	216	False
ACTATGCAAAGACGGAACGCTCGA	217	False
ACTATGCAACCTCCAATGGTGGTA	218	False
ACTATGCAAGATGTACCTCAATGA	219	False
ACTATGCACAACCACAAAGGTACA	220	False
ACTATGCACAACCACAGTCTGTCA	221	False
ACTATGCACACCTTACGCCAAGAC	222	False
ACTATGCACGACACACGATGAATC	223	False
ACTATGCACGACACACTGAAGAGA	224	False
ACTATGCAGCTAACGACATACCAA	225	False
ACTATGCAGGTGCGAAAAGGTACA	226	False
AGAGTCAAAATCCGTCGACTAGTA	227	False
AGAGTCAAAGTACAAGAATGTTGC	228	False
AGAGTCAAATTGGCTCACATTGGC	229	False
AGAGTCAACATACCAAAGTCACTA	230	False
AGAGTCAACCAGTTCACATCAAGT	231	True
AGAGTCAAGAGTTAGCCAGCGTTA	232	False
AGAGTCAAGGAGAACAGTCTGTCA	233	False
AGAGTCAATATCAGCAATTGAGGA	234	False
AGAGTCAATCCGTCTACTGGCATA	235	False
AGATCGCAAGCACCTCTATCAGCA	236	False
AGATCGCAATCATTCCGTACGCAA	237	False
AGATCGCAATTGGCTCCAATGGAA	238	False
AGATCGCACAAGGAGCCGAACTTA	239	False
AGATCGCACACCTTACCGACTGGA	240	False
AGATCGCACCAGTTCAGCTAACGA	241	False
AGATCGCACGACACACAACTCACC	242	False
AGATCGCACGGATTGCAAGAGATC	243	False
AGATCGCAGAGTTAGCCCTAATCC	244	False
AGATCGCAGCTAACGAAAGGACAC	245	False
AGATCGCAGTACGCAACGAACTTA	246	False
AGATCGCATGGAACAAGATGAATC	247	False
AGATGTACACAGATTCAAGACGGA	248	False
AGATGTACATTGGCTCAGAGTCAA	249	False
AGATGTACGACTAGTAGATAGACA	250	False
AGATGTACGCTAACGAACAAGCTA	251	False
AGATGTACTATCAGCAGATGAATC	252	False
AGATGTACTGAAGAGAAGGCTAAC	253	False
AGATGTACTGGCTTCAAGGCTAAC	254	False
AGCACCTCAAACATCGGATGAATC	255	False
AGCACCTCAACAACCAGACAGTGC	256	False
AGCACCTCAAGACGGACCATCCTC	257	False
AGCACCTCACACGACCATCCTGTA	258	False
AGCACCTCACAGCAGAACTATGCA	259	False
AGCACCTCACAGCAGATGAAGAGA	260	False
AGCACCTCAGAGTCAACAGATCTG	261	False
AGCACCTCAGTACAAGATCCTGTA	262	False
AGCACCTCATTGAGGACAAGACTA	263	False
AGCACCTCCACTTCGATGGTGGTA	264	False
AGCACCTCCAGATCTGCCAGTTCA	265	False
AGCACCTCCAGCGTTAACATTGGC	266	False
AGCACCTCCCGACAACAACGCTTA	267	False
AGCACCTCCGACTGGAAGGCTAAC	268	False
AGCACCTCCGCATACAACTATGCA	269	False
AGCACCTCCGGATTGCAGCAGGAA	270	False
AGCACCTCGACAGTGCGGAGAACA	271	False
AGCACCTCGTCGTAGACAATGGAA	272	False
AGCAGGAAAACGTGATCCGTGAGA	273	False
AGCAGGAAAACGTGATGTCTGTCA	274	False
AGCAGGAAAGATGTACCTGTAGCC	275	False
AGCAGGAAAGTGGTCAACGTATCA	276	False
AGCAGGAAATTGAGGACCTCCTGA	277	False
AGCAGGAACAGCGTTACACTTCGA	278	False
AGCAGGAACCTAATCCGTGTTCTA	279	False
AGCAGGAACGCTGATCCCTAATCC	280	False
AGCAGGAACTCAATGAAATGTTGC	281	False
AGCAGGAACTGAGCCAGTCGTAGA	282	False
AGCAGGAAGACAGTGCCCGAAGTA	283	False
AGCAGGAAGCCACATAGCGAGTAA	284	False
AGCAGGAAGGTGCGAACAAGGAGC	285	False
AGCAGGAAGTGTTCTAGGAGAACA	286	False
AGCAGGAATTCACGCACTAAGGTC	287	False
AGCCATGCAATGTTGCGCCAAGAC	288	False
AGCCATGCAGATCGCAAGCACCTC	289	False
AGCCATGCAGGCTAACGTGTTCTA	290	False
AGCCATGCGATGAATCGGTGCGAA	291	False
AGCCATGCGTCGTAGATGAAGAGA	292	False
AGGCTAACAACTCACCAACGTGAT	293	False
AGGCTAACAATGTTGCAAGGACAC	294	False
AGGCTAACACGCTCGAAACGTGAT	295	False
AGGCTAACAGAGTCAAATCATTCC	296	False
AGGCTAACAGCCATGCTGGCTTCA	297	False
AGGCTAACATTGGCTCGGAGAACA	298	False
AGGCTAACCACCTTACTTCACGCA	299	False
AGGCTAACCGAACTTACGAACTTA	300	False
AGGCTAACGAGCTGAACCATCCTC	301	False
AGGCTAACGTGTTCTAATCCTGTA	302	False
AGGCTAACTCTTCACACGCTGATC	303	False
AGGCTAACTGGTGGTAACAAGCTA	304	False
AGTACAAGACAAGCTAATCCTGTA	305	False
AGTACAAGACAGATTCAACGCTTA	306	False
AGTACAAGACTATGCACGACACAC	307	False
AGTACAAGAGGCTAACCATCAAGT	308	False
AGTACAAGATGCCTAAATCATTCC	309	False
AGTACAAGCCAGTTCATATCAGCA	310	False
AGTACAAGCCGACAACGCTAACGA	311	False
AGTACAAGGACAGTGCCCAGTTCA	312	False
AGTCACTAAACGCTTATGGTGGTA	313	False
AGTCACTAAACGTGATGGTGCGAA	314	False
AGTCACTAAAGGTACACCTCTATC	315	False
AGTCACTAAGAGTCAAGTACGCAA	316	False
AGTCACTAAGATGTACAACCGAGA	317	False
AGTCACTAAGCCATGCCAACCACA	318	False
AGTCACTAATTGAGGACAATGGAA	319	False
AGTCACTACATCAAGTTGGCTTCA	320	False
AGTCACTACCGTGAGACTGGCATA	321	False
AGTCACTACTCAATGACAATGGAA	322	False
AGTCACTAGAACAGGCCATACCAA	323	False
AGTCACTAGATGAATCACTATGCA	324	False
AGTGGTCAAATCCGTCTCCGTCTA	325	False
AGTGGTCAAATGTTGCCGCTGATC	326	False
AGTGGTCAACAGCAGATATCAGCA	327	False
AGTGGTCAAGTACAAGACCACTGT	328	False
AGTGGTCAATTGAGGACGAACTTA	329	False
AGTGGTCACTCAATGAAGATCGCA	330	False
AGTGGTCACTGTAGCCACGCTCGA	331	False
ATAGCGACACAGCAGACCATCCTC	332	False
ATAGCGACACCTCCAACCAGTTCA	333	False
ATAGCGACAGATGTACTGGAACAA	334	False
ATAGCGACCGACTGGAATAGCGAC	335	False
ATAGCGACCGCTGATCCCATCCTC	336	False
ATAGCGACCTCAATGACCGTGAGA	337	False
ATAGCGACGAACAGGCGATAGACA	338	False
ATAGCGACGATAGACAAGCACCTC	339	False
ATAGCGACGCCAAGACGAATCTGA	340	False
ATAGCGACGCCAAGACGAGCTGAA	341	False
ATCATTCCAAGAGATCCACCTTAC	342	False
ATCATTCCACAGCAGACTCAATGA	343	False
ATCATTCCACCTCCAAGGAGAACA	344	False
ATCATTCCATAGCGACGTCGTAGA	345	False
ATCATTCCATCCTGTATATCAGCA	346	False
ATCATTCCCAAGACTAAACCGAGA	347	False
ATCATTCCCACCTTACCAAGGAGC	348	False
ATCATTCCCGGATTGCGAGCTGAA	349	False
ATCATTCCGATGAATCTAGGATGA	350	False
ATCATTCCGTGTTCTACGCATACA	351	False
ATCATTCCTAGGATGACTGTAGCC	352	False
ATCCTGTAAATCCGTCCACTTCGA	353	False
ATCCTGTAACCTCCAACACCTTAC	354	False
ATCCTGTAACGCTCGACCTAATCC	355	False
ATCCTGTAACGCTCGATATCAGCA	356	False
ATCCTGTAGAATCTGAAACCGAGA	357	False
ATCCTGTAGTCTGTCAAAGAGATC	358	False
ATCCTGTATTCACGCAAGTACAAG	359	False
ATGCCTAAAATCCGTCCGGATTGC	360	False
ATGCCTAAAATCCGTCGGTGCGAA	361	False
ATGCCTAAACAGCAGAGCTAACGA	362	False
ATGCCTAAACTATGCACAACCACA	363	False
ATGCCTAACATCAAGTTGGCTTCA	364	False
ATGCCTAACTAAGGTCATGCCTAA	365	False
ATGCCTAAGAACAGGCCAGATCTG	366	False
ATGCCTAAGAATCTGAATCCTGTA	367	False
ATGCCTAAGAGCTGAAGCTCGGTA	368	False
ATGCCTAAGATAGACAATAGCGAC	369	False
ATGCCTAAGCTAACGAATCCTGTA	370	False
ATGCCTAATGGAACAACCAGTTCA	371	False
ATGCCTAATGGCTTCAAGTCACTA	372	False
ATTGAGGAAAGACGGATCTTCACA	373	False
ATTGAGGAACAAGCTAAGCACCTC	374	False
ATTGAGGAACAGATTCATAGCGAC	375	False
ATTGAGGAACCACTGTCTCAATGA	376	False
ATTGAGGAACTATGCAGAGTTAGC	377	False
ATTGAGGAAGATGTACATAGCGAC	378	False
ATTGAGGAAGCACCTCTAGGATGA	379	False
ATTGAGGAATAGCGACAGATGTAC	380	False
ATTGAGGACAACCACAAGGCTAAC	381	False
ATTGAGGACAATGGAAGTCTGTCA	382	False
ATTGAGGACACCTTACGCCAAGAC	383	False
ATTGAGGACCGTGAGAAATGTTGC	384	False
ATTGAGGACCGTGAGAATTGAGGA	385	False
ATTGAGGAGATAGACACAAGGAGC	386	False
ATTGAGGAGTGTTCTACAGCGTTA	387	False
ATTGAGGATATCAGCAAACTCACC	388	False
ATTGGCTCAACGCTTAGTCTGTCA	389	False
ATTGGCTCACACAGAACAACCACA	390	False
ATTGGCTCACCACTGTTCTTCACA	391	False
ATTGGCTCACGCTCGAATAGCGAC	392	False
ATTGGCTCAGCACCTCAAGGACAC	393	False
ATTGGCTCATCATTCCCCAGTTCA	394	False
ATTGGCTCCATACCAAAAGGTACA	395	False
ATTGGCTCCGCTGATCCTGAGCCA	396	False
ATTGGCTCCTAAGGTCCGCTGATC	397	False
ATTGGCTCTAGGATGAAGGCTAAC	398	False
ATTGGCTCTGGAACAATTCACGCA	399	False
CAACCACAAACGCTTAACACAGAA	400	False
CAACCACAAATGTTGCCAAGACTA	401	False
CAACCACAACAGCAGACAGATCTG	402	False
CAACCACAAGCACCTCCGCTGATC	403	False
CAACCACAATGCCTAAAACGTGAT	404	False
CAACCACAATGCCTAAAGATCGCA	405	False
CAACCACACAAGACTATGGAACAA	406	False
CAACCACACAGCGTTACCAGTTCA	407	False
CAACCACACTGAGCCAACGTATCA	408	False
CAACCACAGACAGTGCCGCTGATC	409	False
CAACCACAGATGAATCACAAGCTA	410	False
CAACCACAGTACGCAAGATGAATC	411	False
CAACCACATGGAACAACACCTTAC	412	False
CAAGACTAACCTCCAACCATCCTC	413	False
CAAGACTAAGCCATGCAAGGTACA	414	False
CAAGACTAATTGAGGAAGTGGTCA	415	False
CAAGACTAATTGGCTCCACTTCGA	416	False
CAAGACTACAATGGAAGTCGTAGA	417	False
CAAGACTACACCTTACCAGATCTG	418	False
CAAGACTACCATCCTCAAGGACAC	419	False
CAAGACTACTAAGGTCAAGGTACA	420	False
CAAGACTACTAAGGTCCCATCCTC	421	False
CAAGACTACTCAATGAAGATCGCA	422	False
CAAGACTAGACAGTGCAGTCACTA	423	False
CAAGGAGCAACTCACCTGGCTTCA	424	False
CAAGGAGCACAAGCTACCTCTATC	425	False
CAAGGAGCACAAGCTACGACACAC	426	False
CAAGGAGCACACAGAAGCCAAGAC	427	False
CAAGGAGCACAGCAGACACTTCGA	428	False
CAAGGAGCATTGGCTCAGCAGGAA	429	False
CAAGGAGCCAGATCTGACTATGCA	430	False
CAAGGAGCCCGACAACCAGCGTTA	431	False
CAAGGAGCGACAGTGCCACCTTAC	432	False
CAAGGAGCGCTAACGAAGCCATGC	433	False
CAAGGAGCGGTGCGAAGACAGTGC	434	False
CAAGGAGCGTGTTCTAATCCTGTA	435	False
CAAGGAGCGTGTTCTACACTTCGA	436	False
CAAGGAGCTCCGTCTAAACTCACC	437	False
CAAGGAGCTGAAGAGAAGTGGTCA	438	False
CAATGGAAAATCCGTCCGCTGATC	439	False
CAATGGAAACACGACCCTGGCATA	440	False
CAATGGAAACTATGCATTCACGCA	441	False
CAATGGAAATTGAGGACCGAAGTA	442	False
CAATGGAACCATCCTCTATCAGCA	443	False
CAATGGAACGACACACGAATCTGA	444	False
CAATGGAACTCAATGAGCCAAGAC	445	False
CAATGGAAGAATCTGAAGCACCTC	446	False
CAATGGAAGAGTTAGCCCAGTTCA	447	False
CAATGGAAGATGAATCGGTGCGAA	448	False
CAATGGAATTCACGCAAAGGACAC	449	False
CACCTTACAACAACCACTGGCATA	450	False
CACCTTACAAGGTACACATCAAGT	451	False
CACCTTACAATCCGTCAGGCTAAC	452	False
CACCTTACAATGTTGCCTGGCATA	453	False
CACCTTACATTGGCTCAAGGACAC	454	False
CACCTTACCAAGGAGCATCATTCC	455	False
CACCTTACCCAGTTCAGGTGCGAA	456	False
CACCTTACCCATCCTCAACGCTTA	457	False
CACCTTACCCTAATCCGGTGCGAA	458	False
CACCTTACCGAACTTAAGTGGTCA	459	False
CACCTTACCGCATACATGGTGGTA	460	False
CACCTTACCTAAGGTCGATGAATC	461	False
CACCTTACCTCAATGAAGCACCTC	462	False
CACCTTACCTGTAGCCAACGCTTA	463	False
CACCTTACCTGTAGCCTATCAGCA	464	False
CACCTTACGAATCTGATCCGTCTA	465	False
CACCTTACGCTAACGAAATGTTGC	466	False
CACCTTACGTCGTAGAAGTCACTA	467	False
CACCTTACGTCTGTCACAATGGAA	468	False
CACCTTACTGGCTTCACAAGGAGC	469	False
CACTTCGAAAGGTACACCATCCTC	470	False
CACTTCGAACATTGGCAGCAGGAA	471	False
CACTTCGAAGCCATGCACGTATCA	472	False
CACTTCGAATTGAGGACTGGCATA	473	False
CACTTCGACCTAATCCGTACGCAA	474	False
CACTTCGACCTCCTGAAACCGAGA	475	False
CACTTCGACTAAGGTCCACTTCGA	476	False
CACTTCGACTCAATGAATAGCGAC	477	False
CACTTCGAGTGTTCTAATCATTCC	478	False
CAGATCTGAACAACCAGTCGTAGA	479	False
CAGATCTGAACGTGATCACTTCGA	480	False
CAGATCTGAAGAGATCATTGGCTC	481	False
CAGATCTGACAGCAGAAACTCACC	482	False
CAGATCTGACCTCCAAAGCAGGAA	483	False
CAGATCTGATTGGCTCACACAGAA	484	False
CAGATCTGCATCAAGTCTGAGCCA	485	False
CAGATCTGCCAGTTCACAACCACA	486	False
CAGATCTGCCGTGAGAAACTCACC	487	False
CAGATCTGCGAACTTACCTCCTGA	488	False
CAGATCTGCGGATTGCCATACCAA	489	False
CAGATCTGCTAAGGTCGATGAATC	490	False
CAGATCTGGACTAGTAGATAGACA	491	False
CAGATCTGGCGAGTAATGAAGAGA	492	False
CAGATCTGGCTCGGTAACATTGGC	493	False
CAGATCTGGTGTTCTAATTGGCTC	494	False
CAGCGTTAAAGGACACGACTAGTA	495	False
CAGCGTTACAATGGAAAGTGGTCA	496	False
CAGCGTTACAGATCTGCCAGTTCA	497	False
CAGCGTTAGAACAGGCCGACTGGA	498	False
CAGCGTTAGCTAACGAAGTACAAG	499	False
CAGCGTTAGTCTGTCAGACTAGTA	500	False
CATACCAAAACAACCATGGAACAA	501	False
CATACCAAAGCCATGCCTAAGGTC	502	False
CATACCAAATTGAGGAACAGCAGA	503	False
CATACCAAATTGAGGAGTACGCAA	504	False
CATACCAACCTCTATCCTGTAGCC	505	False
CATACCAACTAAGGTCCTGTAGCC	506	False
CATACCAACTCAATGACTGAGCCA	507	False
CATACCAAGAGCTGAACCGACAAC	508	False
CATACCAATTCACGCACCAGTTCA	509	False
CATCAAGTCAACCACAAGAGTCAA	510	False
CATCAAGTCAGATCTGTGGTGGTA	511	False
CATCAAGTCAGCGTTACCTAATCC	512	False
CATCAAGTCGACTGGAGACAGTGC	513	False
CATCAAGTTGGTGGTACATCAAGT	514	False
CCAGTTCAAAGGTACAAAGGACAC	515	False
CCAGTTCAACACAGAATCTTCACA	516	False
CCAGTTCAACGTATCACGACACAC	517	False
CCAGTTCAACTATGCAATCATTCC	518	False
CCAGTTCAATTGAGGAAGTACAAG	519	False
CCAGTTCACAACCACACCGTGAGA	520	False
CCAGTTCACACCTTACCCGTGAGA	521	False
CCAGTTCACCGACAACGCGAGTAA	522	False
CCAGTTCACCTAATCCCCGAAGTA	523	False
CCAGTTCACGCATACATATCAGCA	524	False
CCAGTTCAGAGCTGAACTGGCATA	525	False
CCAGTTCAGCCAAGACAGTACAAG	526	False
CCAGTTCAGCTCGGTAGAGTTAGC	527	False
CCAGTTCAGTACGCAAATAGCGAC	528	False
CCAGTTCAGTCTGTCATGGCTTCA	529	False
CCATCCTCAATCCGTCCCGTGAGA	530	False
CCATCCTCACAGCAGACGCATACA	531	False
CCATCCTCACGCTCGAGGTGCGAA	532	False
CCATCCTCAGCACCTCCCATCCTC	533	False
CCATCCTCATTGAGGACGGATTGC	534	False
CCATCCTCCACCTTACAGAGTCAA	535	False
CCATCCTCCATACCAAGACAGTGC	536	False
CCATCCTCCATCAAGTTTCACGCA	537	False
CCATCCTCCCAGTTCAGCTAACGA	538	False
CCATCCTCGCCAAGACCAAGACTA	539	False
CCATCCTCGTCTGTCAAGGCTAAC	540	False
CCGAAGTAAAGACGGACCATCCTC	541	False
CCGAAGTAACTATGCATGAAGAGA	542	False
CCGAAGTAAGATCGCACGAACTTA	543	False
CCGAAGTAAGCACCTCCACTTCGA	544	False
CCGAAGTAATCATTCCACGTATCA	545	False
CCGAAGTACCGACAACATCATTCC	546	False
CCGAAGTACCGTGAGACCATCCTC	547	False
CCGAAGTACCTCCTGACTGAGCCA	548	False
CCGAAGTAGCCACATAACTATGCA	549	False
CCGAAGTAGCCACATAGAGCTGAA	550	False
CCGAAGTAGCTCGGTAGTGTTCTA	551	False
CCGACAACCAAGACTAACGCTCGA	552	False
CCGACAACCAATGGAACTGGCATA	553	False
CCGACAACCCTCTATCCCTCCTGA	554	False
CCGACAACCGACTGGAACAGATTC	555	False
CCGACAACCGCTGATCCAAGACTA	556	False
CCGACAACCTGGCATAAGCACCTC	557	False
CCGACAACGTCGTAGAACGTATCA	558	False
CCGACAACGTGTTCTAGGTGCGAA	559	False
CCGACAACTCTTCACACCTCCTGA	560	False
CCGTGAGAAACGTGATCTAAGGTC	561	False
CCGTGAGAATCATTCCAGATGTAC	562	False
CCGTGAGACACCTTACACGTATCA	563	False
CCGTGAGACATACCAACCGTGAGA	564	False
CCGTGAGACCAGTTCAGAACAGGC	565	False
CCGTGAGACCGAAGTACCGTGAGA	566	False
CCGTGAGAGCCAAGACAAGAGATC	567	False
CCGTGAGAGCCACATAAAGGTACA	568	False
CCGTGAGAGCCACATATCCGTCTA	569	False
CCGTGAGAGCGAGTAAATCATTCC	570	False
CCTAATCCAAGGACACCATCAAGT	571	False
CCTAATCCAAGGACACCCTCTATC	572	False
CCTAATCCAGCAGGAACTGTAGCC	573	False
CCTAATCCAGGCTAACACGTATCA	574	False
CCTAATCCATCATTCCATAGCGAC	575	False
CCTAATCCCACCTTACTGGTGGTA	576	False
CCTAATCCCCTCCTGAAGATGTAC	577	False
CCTAATCCGCGAGTAAGTCTGTCA	578	False
CCTAATCCGTCGTAGAAAGGACAC	579	False
CCTAATCCTCTTCACACTCAATGA	580	False
CCTAATCCTTCACGCAACCACTGT	581	False
CCTCCTGAAACTCACCATTGGCTC	582	False
CCTCCTGACAATGGAAAGTCACTA	583	False
CCTCCTGACCGTGAGACTCAATGA	584	False
CCTCCTGACCTAATCCTATCAGCA	585	False
CCTCCTGAGCTCGGTACGGATTGC	586	False
CCTCCTGAGTACGCAAAGATCGCA	587	False
CCTCCTGATTCACGCAGGAGAACA	588	False
CCTCTATCAACCGAGATAGGATGA	589	False
CCTCTATCACAGCAGAGATAGACA	590	False
CCTCTATCACATTGGCGGAGAACA	591	False
CCTCTATCATCCTGTAGACAGTGC	592	False
CCTCTATCCCAGTTCACAGATCTG	593	False
CCTCTATCCCGTGAGACCGTGAGA	594	False
CCTCTATCCGGATTGCCCAGTTCA	595	False
CCTCTATCGACAGTGCAACGTGAT	596	False
CCTCTATCGCTCGGTACAGCGTTA	597	False
CCTCTATCGTGTTCTAATAGCGAC	598	False
CCTCTATCTGGCTTCACAAGACTA	599	False
CGAACTTAAACGCTTACGAACTTA	600	False
CGAACTTAAAGAGATCAAGGACAC	601	False
CGAACTTAAAGAGATCGAGTTAGC	602	False
CGAACTTAAAGGTACAAGATGTAC	603	False
CGAACTTAACAAGCTAAGGCTAAC	604	False
CGAACTTAAGCAGGAAAGTGGTCA	605	False
CGAACTTAATTGAGGAAAGGACAC	606	False
CGAACTTACATACCAACACTTCGA	607	False
CGAACTTACTGAGCCACCGAAGTA	608	False
CGAACTTAGAATCTGAGATGAATC	609	False
CGAACTTAGGAGAACAAAGGTACA	610	False
CGAACTTATCTTCACACAGATCTG	611	False
CGACACACAAGACGGACCATCCTC	612	False
CGACACACACGCTCGAACTATGCA	613	False
CGACACACAGATGTACCACCTTAC	614	False
CGACACACCATACCAATTCACGCA	615	False
CGACACACCCAGTTCATGAAGAGA	616	False
CGACACACGTACGCAAACACAGAA	617	False
CGACACACTGGAACAACCATCCTC	618	False
CGACACACTGGCTTCACGGATTGC	619	False
CGACTGGAAACGTGATAACGCTTA	620	False
CGACTGGAAAGGTACAGCCAAGAC	621	False
CGACTGGAACCTCCAAAGTGGTCA	622	False
CGACTGGACCTCTATCCAACCACA	623	False
CGACTGGATGGAACAATGAAGAGA	624	False
CGACTGGATGGCTTCAACCACTGT	625	False
CGACTGGATTCACGCAAAGAGATC	626	False
CGCATACAAAACATCGTGGCTTCA	627	False
CGCATACAAGCAGGAACCTCCTGA	628	False
CGCATACAAGTGGTCAATCATTCC	629	False
CGCATACACCATCCTCTGGTGGTA	630	False
CGCATACACCTCTATCAATGTTGC	631	False
CGCATACAGAGTTAGCCACCTTAC	632	False
CGCATACAGAGTTAGCGGAGAACA	633	False
CGCATACAGCGAGTAAGGTGCGAA	634	False
CGCTGATCACACGACCCGACACAC	635	False
CGCTGATCAGTCACTAATAGCGAC	636	False
CGCTGATCAGTGGTCAAACGTGAT	637	False
CGCTGATCCACTTCGAGTGTTCTA	638	False
CGCTGATCCCAGTTCACCGTGAGA	639	False
CGCTGATCCGAACTTAAGATCGCA	640	False
CGCTGATCCGGATTGCAATCCGTC	641	False
CGCTGATCTTCACGCAACATTGGC	642	False
CGGATTGCAAACATCGCAGCGTTA	643	False
CGGATTGCACAGATTCTCTTCACA	644	False
CGGATTGCACCACTGTATGCCTAA	645	False
CGGATTGCACCACTGTCCGAAGTA	646	False
CGGATTGCAGTACAAGATGCCTAA	647	False
CGGATTGCCAATGGAACGCTGATC	648	False
CGGATTGCCAGATCTGGTCTGTCA	649	False
CGGATTGCCCGACAACCATCAAGT	650	False
CGGATTGCCGACACACCTGGCATA	651	False
CGGATTGCGACTAGTACAGATCTG	652	False
CGGATTGCTGGCTTCACCATCCTC	653	False
CGGATTGCTGGTGGTACAATGGAA	654	False
CTAAGGTCAACGTGATACAGATTC	655	False
CTAAGGTCAACTCACCCCGAAGTA	656	False
CTAAGGTCAAGGACACGACAGTGC	657	False
CTAAGGTCACCACTGTGCCACATA	658	False
CTAAGGTCACTATGCAGATAGACA	659	False
CTAAGGTCAGCAGGAAACTATGCA	660	False
CTAAGGTCAGTCACTAGTCGTAGA	661	False
CTAAGGTCATCATTCCGCCACATA	662	False
CTAAGGTCATCCTGTAGAATCTGA	663	False
CTAAGGTCCAAGACTAAACTCACC	664	False
CTAAGGTCCAATGGAAGTGTTCTA	665	False
CTAAGGTCCATACCAATGGCTTCA	666	False
CTAAGGTCCCAGTTCAACAAGCTA	667	False
CTAAGGTCCCGAAGTACCTCCTGA	668	False
CTAAGGTCCTAAGGTCACAGATTC	669	False
CTCAATGAAAGGTACAAACGCTTA	670	False
CTCAATGAACAAGCTACAAGGAGC	671	False
CTCAATGAATAGCGACACGCTCGA	672	False
CTCAATGACACTTCGAAATCCGTC	673	False
CTCAATGACATACCAACCAGTTCA	674	False
CTCAATGAGACTAGTAAGATCGCA	675	False
CTCAATGAGATAGACACAACCACA	676	False
CTCAATGAGGAGAACAAGCCATGC	677	False
CTCAATGATATCAGCAGCGAGTAA	678	False
CTCAATGATCCGTCTACAGATCTG	679	False
CTGAGCCAAAACATCGCCAGTTCA	680	False
CTGAGCCAAACGTGATCGGATTGC	681	False
CTGAGCCAAAGAGATCACCTCCAA	682	False
CTGAGCCAACAGATTCCAAGACTA	683	False
CTGAGCCAAGATCGCAGAATCTGA	684	False
CTGAGCCAAGTCACTACCTCCTGA	685	False
CTGAGCCACAAGGAGCCGGATTGC	686	False
CTGAGCCACCGTGAGAACGTATCA	687	False
CTGAGCCACTGTAGCCCCAGTTCA	688	False
CTGAGCCAGTGTTCTATCTTCACA	689	False
CTGAGCCATAGGATGAACAGATTC	690	False
CTGAGCCATGGCTTCACAACCACA	691	False
CTGGCATAAATCCGTCCAGCGTTA	692	False
CTGGCATAACAGATTCAAGGACAC	693	False
CTGGCATACAAGGAGCACACAGAA	694	False
CTGGCATACAATGGAATATCAGCA	695	False
CTGGCATACCATCCTCACCACTGT	696	False
CTGGCATAGAGCTGAAAACGTGAT	697	False
CTGGCATAGTACGCAATATCAGCA	698	False
CTGGCATATGGAACAAACCTCCAA	699	False
CTGTAGCCAAGAGATCAAGACGGA	700	False
CTGTAGCCCAACCACAACATTGGC	701	False
CTGTAGCCCAAGACTAGATAGACA	702	False
CTGTAGCCCAAGGAGCGGTGCGAA	703	False
CTGTAGCCCAGATCTGACAGATTC	704	False
CTGTAGCCCGGATTGCACACAGAA	705	False
GAACAGGCAACGTGATCTGGCATA	706	False
GAACAGGCACGCTCGAAAGGTACA	707	False
GAACAGGCAGAGTCAAACATTGGC	708	False
GAACAGGCATTGGCTCAGCCATGC	709	False
GAACAGGCCGCATACATGGAACAA	710	False
GAACAGGCCTGAGCCAACACAGAA	711	False
GAACAGGCCTGAGCCAACCACTGT	712	False
GAATCTGAAAACATCGAAGACGGA	713	False
GAATCTGAAAGACGGAAAGGTACA	714	False
GAATCTGAACAAGCTAAGATGTAC	715	False
GAATCTGACACTTCGAGAATCTGA	716	False
GAATCTGACACTTCGAGATGAATC	717	False
GAATCTGACCGTGAGACCAGTTCA	718	False
GAATCTGACCGTGAGAGCCACATA	719	False
GAATCTGACGACACACACACGACC	720	False
GAATCTGACGACACACACAGCAGA	721	False
GAATCTGATATCAGCAAATCCGTC	722	False
GAATCTGATCTTCACAGCCACATA	723	False
GAATCTGATGGCTTCACAGATCTG	724	False
GACAGTGCAACTCACCACACGACC	725	False
GACAGTGCACAGCAGAACATTGGC	726	False
GACAGTGCATCCTGTAGCCACATA	727	False
GACAGTGCCATCAAGTGCCACATA	728	False
GACAGTGCCCTCTATCAGAGTCAA	729	False
GACAGTGCCGACACACCTGAGCCA	730	False
GACAGTGCCGACACACGGTGCGAA	731	False
GACAGTGCGAATCTGACATACCAA	732	False
GACAGTGCGTCTGTCAGAATCTGA	733	False
GACAGTGCGTGTTCTAAATGTTGC	734	False
GACTAGTAACACAGAAAGCACCTC	735	False
GACTAGTAAGCACCTCCCTCCTGA	736	False
GACTAGTAAGCAGGAATATCAGCA	737	False
GACTAGTAAGCCATGCCACCTTAC	738	False
GACTAGTAATCCTGTACATACCAA	739	False
GACTAGTACAACCACATGGCTTCA	740	False
GACTAGTACACCTTACGAATCTGA	741	False
GACTAGTACACTTCGAAGCCATGC	742	False
GACTAGTACCGTGAGACAATGGAA	743	False
GACTAGTAGGTGCGAAGTACGCAA	744	False
GACTAGTATAGGATGAAAGACGGA	745	False
GACTAGTATGGAACAACTGGCATA	746	False
GAGCTGAAACAAGCTACAAGACTA	747	False
GAGCTGAACAAGGAGCCATACCAA	748	False
GAGCTGAACAGCGTTACATACCAA	749	False
GAGCTGAACCAGTTCAGTACGCAA	750	False
GAGCTGAACCTCTATCGACTAGTA	751	False
GAGCTGAAGCCAAGACACATTGGC	752	False
GAGCTGAAGCCACATAGTCGTAGA	753	False
GAGCTGAATCTTCACAGCCAAGAC	754	False
GAGCTGAATGGCTTCAGTCGTAGA	755	False
GAGTTAGCACACAGAACCGAAGTA	756	False
GAGTTAGCAGCCATGCAGATGTAC	757	False
GAGTTAGCCAACCACACCATCCTC	758	False
GAGTTAGCCAAGACTAGAATCTGA	759	False
GAGTTAGCGCGAGTAAACACAGAA	760	False
GATAGACAAATGTTGCAATGTTGC	761	False
GATAGACAACAGCAGAAGATGTAC	762	False
GATAGACAAGCACCTCGCTAACGA	763	False
GATAGACAAGTCACTAGAATCTGA	764	False
GATAGACACATACCAAATCCTGTA	765	False
GATAGACACCAGTTCAAACGCTTA	766	False
GATAGACACCTAATCCGAACAGGC	767	False
GATAGACACCTCCTGAATAGCGAC	768	False
GATAGACACGGATTGCGAACAGGC	769	False
GATAGACACTCAATGAAGATCGCA	770	False
GATGAATCACAGCAGAAAGGACAC	771	False
GATGAATCACATTGGCCTGGCATA	772	False
GATGAATCACGTATCAGAGCTGAA	773	False
GATGAATCACTATGCAACAGCAGA	774	False
GATGAATCATAGCGACATCATTCC	775	False
GATGAATCATTGGCTCCCTAATCC	776	False
GATGAATCCTAAGGTCCACCTTAC	777	False
GATGAATCGACTAGTAATAGCGAC	778	False
GATGAATCGACTAGTATAGGATGA	779	False
GATGAATCGATGAATCCTGTAGCC	780	False
GATGAATCGCCACATACCGACAAC	781	False
GATGAATCGGTGCGAAACATTGGC	782	False
GATGAATCGTACGCAATATCAGCA	783	False
GATGAATCGTCTGTCACGCATACA	784	False
GATGAATCTAGGATGACCTCTATC	785	False
GATGAATCTCTTCACATCTTCACA	786	False
GCCAAGACAACGTGATAAGAGATC	787	False
GCCAAGACAACGTGATTTCACGCA	788	False
GCCAAGACACGCTCGAATCATTCC	789	False
GCCAAGACACGTATCAGCTAACGA	790	False
GCCAAGACAGCAGGAAAGTGGTCA	791	False
GCCAAGACCATCAAGTAGTACAAG	792	False
GCCAAGACCCGAAGTAATTGAGGA	793	False
GCCAAGACGAATCTGACAGCGTTA	794	False
GCCAAGACGAGCTGAACTGTAGCC	795	False
GCCAAGACGAGTTAGCAGAGTCAA	796	False
GCCAAGACGATGAATCGTCTGTCA	797	False
GCCAAGACGATGAATCTGGTGGTA	798	False
GCCACATAATCCTGTACAATGGAA	799	False
GCCACATACGAACTTAACACAGAA	800	False
GCCACATACTAAGGTCAACTCACC	801	False
GCCACATACTAAGGTCCAATGGAA	802	False
GCCACATACTGAGCCAAACGCTTA	803	False
GCCACATATCCGTCTAACGTATCA	804	False
GCCACATATGGCTTCATCTTCACA	805	False
GCGAGTAAAACGCTTATGGAACAA	806	False
GCGAGTAAAAGGACACATTGAGGA	807	False
GCGAGTAAAAGGACACCTGAGCCA	808	False
GCGAGTAAACACGACCAGCCATGC	809	False
GCGAGTAAAGATGTACGAGTTAGC	810	False
GCGAGTAAATAGCGACCCGAAGTA	811	False
GCGAGTAACAGCGTTAAATCCGTC	812	False
GCGAGTAAGACAGTGCAGATGTAC	813	False
GCGAGTAAGCTAACGAGCCAAGAC	814	False
GCGAGTAATTCACGCACAAGACTA	815	False
GCTAACGAAACGCTTAACGTATCA	816	False
GCTAACGAAAGACGGACGACACAC	817	False
GCTAACGAAAGGTACAAACGTGAT	818	False
GCTAACGAACCACTGTTAGGATGA	819	False
GCTAACGAATCATTCCCGCTGATC	820	False
GCTAACGACCTAATCCAGTACAAG	821	False
GCTAACGACCTCCTGATATCAGCA	822	False
GCTAACGACGACACACATCATTCC	823	False
GCTAACGACGCTGATCAGGCTAAC	824	False
GCTAACGACGGATTGCCTGTAGCC	825	False
GCTAACGACTAAGGTCAACCGAGA	826	False
GCTAACGAGACAGTGCAGCACCTC	827	False
GCTAACGAGACAGTGCGATAGACA	828	False
GCTCGGTAACATTGGCTCCGTCTA	829	False
GCTCGGTAACCACTGTTCCGTCTA	830	False
GCTCGGTAAGTCACTAAACTCACC	831	False
GCTCGGTAATTGAGGAATTGAGGA	832	False
GCTCGGTAATTGGCTCGCCACATA	833	False
GCTCGGTACCGACAACGAACAGGC	834	False
GCTCGGTACCGACAACTGAAGAGA	835	False
GCTCGGTAGAATCTGACCTCTATC	836	False
GCTCGGTAGAGTTAGCTGGCTTCA	837	False
GCTCGGTAGATGAATCGTACGCAA	838	False
GCTCGGTATGGTGGTAAACCGAGA	839	False
GGAGAACAACAGATTCGAACAGGC	840	False
GGAGAACAACTATGCAATAGCGAC	841	False
GGAGAACAAGAGTCAAATGCCTAA	842	False
GGAGAACAAGATCGCAACGTATCA	843	False
GGAGAACAAGCAGGAATTCACGCA	844	False
GGAGAACAAGGCTAACAGGCTAAC	845	False
GGAGAACAATGCCTAAACACGACC	846	False
GGAGAACAATTGGCTCCTGAGCCA	847	False
GGAGAACACCATCCTCTGAAGAGA	848	False
GGAGAACATAGGATGATGAAGAGA	849	False
GGAGAACATGGTGGTACCATCCTC	850	False
GGTGCGAAACAAGCTAAAGGTACA	851	False
GGTGCGAAACAAGCTAATCCTGTA	852	False
GGTGCGAAACCTCCAACTCAATGA	853	False
GGTGCGAACACTTCGATCCGTCTA	854	False
GGTGCGAACATACCAACAAGACTA	855	False
GGTGCGAACCGACAACCAATGGAA	856	False
GGTGCGAACGCATACAAAACATCG	857	False
GGTGCGAACTCAATGAGGTGCGAA	858	False
GGTGCGAATGGCTTCACAGCGTTA	859	False
GTACGCAAAGGCTAACAATCCGTC	860	False
GTACGCAAAGGCTAACCTCAATGA	861	False
GTACGCAACACCTTACGGTGCGAA	862	False
GTACGCAACACCTTACGTCGTAGA	863	False
GTACGCAAGCCACATAGTCGTAGA	864	False
GTACGCAAGTGTTCTACTAAGGTC	865	False
GTCGTAGACCGACAACGAACAGGC	866	False
GTCGTAGACCGTGAGAAGCAGGAA	867	False
GTCGTAGAGACAGTGCCGCATACA	868	False
GTCGTAGAGAGTTAGCAAGACGGA	869	False
GTCGTAGAGCCACATACACCTTAC	870	False
GTCGTAGAGTCGTAGAACACAGAA	871	False
GTCTGTCAACGTATCACAAGGAGC	872	False
GTCTGTCAAGTCACTAAATCCGTC	873	False
GTCTGTCAATTGAGGAAGTCACTA	874	False
GTCTGTCACTGAGCCAGAACAGGC	875	False
GTCTGTCACTGAGCCATATCAGCA	876	False
GTCTGTCACTGTAGCCTTCACGCA	877	False
GTCTGTCAGACTAGTAAAGGTACA	878	False
GTCTGTCATCTTCACAGTCTGTCA	879	False
GTGTTCTAAAGGTACAGGTGCGAA	880	False
GTGTTCTAAGGCTAACCGACTGGA	881	False
GTGTTCTAATCATTCCACACAGAA	882	False
GTGTTCTAATTGGCTCCATCAAGT	883	False
GTGTTCTACAACCACAAACCGAGA	884	False
GTGTTCTACAAGACTAAAGGACAC	885	False
GTGTTCTACACCTTACAGCAGGAA	886	False
GTGTTCTACCTCTATCAGTCACTA	887	False
GTGTTCTACGACACACGAATCTGA	888	False
GTGTTCTACGCTGATCACCACTGT	889	False
TAGGATGAAAGGACACAATGTTGC	890	False
TAGGATGAACGTATCACCATCCTC	891	False
TAGGATGAAGATCGCAGCTAACGA	892	False
TAGGATGACGGATTGCAATGTTGC	893	False
TAGGATGACTGAGCCAGTGTTCTA	894	False
TAGGATGAGAGTTAGCGAGCTGAA	895	False
TAGGATGATGGCTTCAAGTGGTCA	896	False
TAGGATGATGGTGGTAAACGCTTA	897	False
TATCAGCAACCTCCAAACAGATTC	898	False
TATCAGCAAGATGTACGCCAAGAC	899	False
TATCAGCACAACCACAACAAGCTA	900	False
TATCAGCACAAGACTAAATCCGTC	901	False
TATCAGCACAGATCTGGTGTTCTA	902	False
TATCAGCAGACTAGTAACACAGAA	903	False
TATCAGCAGCCAAGACCGCTGATC	904	False
TCCGTCTAAACGCTTAGTACGCAA	905	False
TCCGTCTAACACAGAAACGTATCA	906	False
TCCGTCTAACAGCAGAATAGCGAC	907	False
TCCGTCTAACCTCCAAACGTATCA	908	False
TCCGTCTAAGAGTCAAGTCGTAGA	909	False
TCCGTCTAAGATCGCAAAGACGGA	910	False
TCCGTCTACCGACAACGAGCTGAA	911	False
TCCGTCTAGACAGTGCCTGAGCCA	912	False
TCCGTCTAGACAGTGCGCTCGGTA	913	False
TCCGTCTATCCGTCTAAAGACGGA	914	False
TCTTCACAAAGGACACTAGGATGA	915	False
TCTTCACAACAAGCTAACACAGAA	916	True
TCTTCACAACACGACCGAACAGGC	917	False
TCTTCACAACGTATCAATGCCTAA	918	False
TCTTCACAATGCCTAAATCATTCC	919	False
TCTTCACACAAGACTATCCGTCTA	920	False
TCTTCACACACTTCGATGGTGGTA	921	False
TCTTCACACCAGTTCAACGTATCA	922	False
TCTTCACACCTAATCCCAATGGAA	923	False
TCTTCACACGACTGGACATCAAGT	924	False
TCTTCACACGCTGATCACCACTGT	925	False
TCTTCACACTAAGGTCGAGCTGAA	926	False
TCTTCACACTGAGCCACATCAAGT	927	False
TCTTCACAGAGCTGAACACTTCGA	928	False
TCTTCACAGCCACATACATACCAA	929	False
TGAAGAGAAAACATCGGATGAATC	930	False
TGAAGAGAAAGACGGAATAGCGAC	931	False
TGAAGAGAATAGCGACAGAGTCAA	932	False
TGAAGAGACAATGGAACACTTCGA	933	False
TGAAGAGACGCATACAAAGAGATC	934	False
TGAAGAGACGGATTGCATTGAGGA	935	False
TGAAGAGACTCAATGATGGAACAA	936	False
TGAAGAGAGAGCTGAATATCAGCA	937	False
TGAAGAGAGATGAATCTTCACGCA	938	False
TGAAGAGAGCGAGTAACGCATACA	939	False
TGAAGAGAGGAGAACAGCCAAGAC	940	False
TGAAGAGATGGAACAACAACCACA	941	False
TGGAACAAAAACATCGATCATTCC	942	False
TGGAACAAAACAACCAAGATCGCA	943	False
TGGAACAAAACGCTTAACACAGAA	944	False
TGGAACAAAAGGACACAGATGTAC	945	False
TGGAACAAAAGGTACATCTTCACA	946	False
TGGAACAAAGATGTACACCTCCAA	947	False
TGGAACAACATCAAGTAGTCACTA	948	False
TGGAACAACCGACAACATTGGCTC	949	False
TGGAACAACGACTGGAGTCTGTCA	950	False
TGGAACAACTGGCATAATCATTCC	951	False
TGGAACAAGAACAGGCAGCCATGC	952	False
TGGAACAAGAACAGGCTGGTGGTA	953	False
TGGAACAAGTACGCAAAACTCACC	954	False
TGGAACAATAGGATGACGAACTTA	955	False
TGGCTTCAACCACTGTAGATGTAC	956	False
TGGCTTCAACCTCCAAAGCCATGC	957	False
TGGCTTCAAGATCGCACCGAAGTA	958	False
TGGCTTCAAGCCATGCGAGCTGAA	959	False
TGGCTTCAAGTGGTCACCGACAAC	960	False
TGGCTTCACCAGTTCAAGGCTAAC	961	False
TGGCTTCAGTCGTAGACACCTTAC	962	False
TGGCTTCATTCACGCAACGCTCGA	963	False
TGGTGGTAAGATGTACCGACACAC	964	False
TGGTGGTAAGCAGGAACTGTAGCC	965	False
TGGTGGTAAGTCACTATGGCTTCA	966	False
TGGTGGTACCGTGAGATGGAACAA	967	False
TGGTGGTACCTAATCCACAAGCTA	968	False
TGGTGGTACGACTGGAGCCACATA	969	False
TGGTGGTACTGAGCCAGAATCTGA	970	False
TGGTGGTAGCGAGTAACAACCACA	971	False
TGGTGGTAGGAGAACACAATGGAA	972	False
TTCACGCAAACAACCACCAGTTCA	973	False
TTCACGCAAAGGTACACTGTAGCC	974	False
TTCACGCAAATGTTGCCTAAGGTC	975	False
TTCACGCAACCTCCAAAATGTTGC	976	False
TTCACGCACAACCACACATACCAA	977	False
TTCACGCACATCAAGTCCTCTATC	978	False
TTCACGCACCATCCTCGTACGCAA	979	False
TTCACGCACCGTGAGACCGACAAC	980	False
TTCACGCACGACTGGACGCTGATC	981	False
TTCACGCACGCTGATCCGACTGGA	982	False
TTCACGCATAGGATGAACGCTCGA	983	False
TTCACGCATATCAGCACTCAATGA	984	False
